Username,Status,Available
testuser123,Taken,false
coolkid456,Taken,false
gamer2024,Taken,false
awesomeuser,Taken,false
robloxfan99,Taken,false
epicplayer,Taken,false
superfun123,Taken,false
amazingguy,Taken,false
fantasticuser,Taken,false
wonderfulkid,Censored,false
incredibleplayer,Taken,false
marvelousgamer,Taken,false
spectacularkid,Taken,false
outstandinguser,Taken,false
remarkableplayer,Taken,false
extraordinaryguy,Taken,false
phenomenalkid,Taken,false
magnificentuser,Taken,false
wonderousgamer,Taken,false
splendidplayer,Taken,false